{
    "plugin_configs": {
        "Fruity parametric EQ 2_T0_S1": {
            "track": 0,
            "track_name": "Master",
            "slot": 1,
            "params": [
                0.5416666666666666,
                0.5,
                0.5,
                0.5,
                0.5,
                0.5,
                0.4444444444444444,
                0.1666717529296875,
                0.27777099609375,
                0.388885498046875,
                0.5,
                0.611114501953125,
                0.72222900390625,
                0.8333282470703125,
                0.61224365234375,
                0.38775634765625,
                0.38775634765625,
                0.38775634765625,
                0.38775634765625,
                0.38775634765625,
                0.61224365234375,
                0.7142857142857143,
                0.8571428571428571,
                0.8571428571428571,
                0.8571428571428571,
                0.8571428571428571,
                0.8571428571428571,
                0.98,
                0.5,
                0.5,
                0.5,
                0.5,
                0.5,
                0.5,
                0.5,
                0.5
            ]
        },
        "Fruity Reeverb 2_T0_S2": {
            "track": 0,
            "track_name": "Master",
            "slot": 2,
            "params": [
                0.018785642401878563,
                0.16203703703703703,
                0.0,
                0.494949494949495,
                1.0,
                0.07035175879396985,
                0.16203703703703703,
                0.2857142857142857,
                0.24050632911392406,
                0.5,
                0.8,
                0.4,
                0.4,
                0.333984375,
                0.0
            ]
        },
        "Fruity Limiter_T0_S9": {
            "track": 0,
            "track_name": "Master",
            "slot": 9,
            "params": [
                0.0,
                1.0,
                0.93,
                0.0,
                0.2857142857142857,
                0.20592495979239633,
                0.2857142857142857,
                0.2882,
                0.75,
                0.6110256954643727,
                0.5,
                0.0,
                0.6666,
                0.0,
                0.065,
                1.0,
                0.0,
                0.4187
            ]
        }
    }
}